n,sigma(n),Prime Factorization,diff,Valid (d1, d2) Combinations
30,72,"2^1 * 3^1 * 5^1",12,"+10 +2; +2 +10"
66,144,"2^1 * 3^1 * 11^1",12,"+1 +11; +11 +1"
84,224,"2^2 * 3^1 * 7^1",56,"+14 +42; +42 +14"
90,234,"2^1 * 3^2 * 5^1",54,"+45 +9; +9 +45"
126,312,"2^1 * 3^2 * 7^1",60,"+18 +42; +42 +18"
132,336,"2^2 * 3^1 * 11^1",72,"+6 +66; +66 +6"
156,392,"2^2 * 3^1 * 13^1",80,"+2 +78; +78 +2"
180,546,"2^2 * 3^2 * 5^1",186,"+180 +6; +6 +180"
198,468,"2^1 * 3^2 * 11^1",72,"+6 +66; +66 +6"
220,504,"2^2 * 5^1 * 11^1",64,"+20 +44; +44 +20"
240,744,"2^4 * 3^1 * 5^1",264,"+24 +240; +240 +24"
270,720,"2^1 * 3^3 * 5^1",180,"+135 +45; +45 +135"
280,720,"2^3 * 5^1 * 7^1",160,"+140 +20; +20 +140"
360,1170,"2^3 * 3^2 * 5^1",450,"+360 +90; +90 +360"
364,784,"2^2 * 7^1 * 13^1",56,"+4 +52; +52 +4"
380,840,"2^2 * 5^1 * 19^1",80,"+4 +76; +76 +4"
540,1680,"2^2 * 3^3 * 5^1",600,"+540 +60; +60 +540"
550,1116,"2^1 * 5^2 * 11^1",16,"+11 +5; +5 +11"
594,1440,"2^1 * 3^3 * 11^1",252,"+198 +54; +54 +198"
600,1860,"2^3 * 3^1 * 5^2",660,"+60 +600; +600 +60"
882,2223,"2^1 * 3^2 * 7^2",459,"+18 +441; +441 +18"
918,2160,"2^1 * 3^3 * 17^1",324,"+18 +306; +306 +18"
1026,2400,"2^1 * 3^3 * 19^1",348,"+342 +6; +6 +342"
1040,2604,"2^4 * 5^1 * 13^1",524,"+4 +520; +520 +4"
1080,3600,"2^3 * 3^3 * 5^1",1440,"+1080 +360; +360 +1080"
1120,3024,"2^5 * 5^1 * 7^1",784,"+224 +560; +560 +224"
1344,4064,"2^6 * 3^1 * 7^1",1376,"+1344 +32; +32 +1344"
1488,3968,"2^4 * 3^1 * 31^1",992,"+248 +744; +744 +248"
1782,4356,"2^1 * 3^4 * 11^1",792,"+198 +594; +594 +198"
1872,5642,"2^4 * 3^2 * 13^1",1898,"+1872 +26; +26 +1872"
1976,4200,"2^3 * 13^1 * 19^1",248,"+1 +247; +247 +1"
2016,6552,"2^5 * 3^2 * 7^1",2520,"+2016 +504; +504 +2016"
2024,4320,"2^3 * 11^1 * 23^1",272,"+184 +88; +88 +184"
2352,7068,"2^4 * 3^1 * 7^2",2364,"+12 +2352; +2352 +12"
2376,7200,"2^3 * 3^3 * 11^1",2448,"+2376 +72; +72 +2376"
2600,6510,"2^3 * 5^2 * 13^1",1310,"+10 +1300; +1300 +10"
2688,8160,"2^7 * 3^1 * 7^1",2784,"+2688 +96; +96 +2688"
2720,6804,"2^5 * 5^1 * 17^1",1364,"+1360 +4; +4 +1360"
3042,7137,"2^1 * 3^2 * 13^2",1053,"+1014 +39; +39 +1014"
3100,6944,"2^2 * 5^2 * 31^1",744,"+124 +620; +620 +124"
3250,6552,"2^1 * 5^3 * 13^1",52,"+2 +50; +50 +2"
3472,7936,"2^4 * 7^1 * 31^1",992,"+124 +868; +868 +124"
3726,8712,"2^1 * 3^4 * 23^1",1260,"+1242 +18; +18 +1242"
3744,11466,"2^5 * 3^2 * 13^1",3978,"+234 +3744; +3744 +234"
3784,7920,"2^3 * 11^1 * 43^1",352,"+344 +8; +8 +344"
4320,15120,"2^5 * 3^3 * 5^1",6480,"+2160 +4320; +4320 +2160"
5292,15960,"2^2 * 3^3 * 7^2",5376,"+5292 +84; +84 +5292"
5376,16352,"2^8 * 3^1 * 7^1",5600,"+224 +5376; +5376 +224"
5512,11340,"2^3 * 13^1 * 53^1",316,"+104 +212; +212 +104"
5624,11400,"2^3 * 19^1 * 37^1",152,"+148 +4; +4 +148"
5684,11970,"2^2 * 7^2 * 29^1",602,"+196 +406; +406 +196"
6048,20160,"2^5 * 3^3 * 7^1",8064,"+2016 +6048; +6048 +2016"
6080,15240,"2^6 * 5^1 * 19^1",3080,"+3040 +40; +40 +3040"
6832,15376,"2^4 * 7^1 * 61^1",1712,"+1708 +4; +4 +1708"
7100,15624,"2^2 * 5^2 * 71^1",1424,"+1420 +4; +4 +1420"
7128,21780,"2^3 * 3^4 * 11^1",7524,"+396 +7128; +7128 +396"
8024,16200,"2^3 * 17^1 * 59^1",152,"+118 +34; +34 +118"
8216,16800,"2^3 * 13^1 * 79^1",368,"+316 +52; +52 +316"
8428,17556,"2^2 * 7^2 * 43^1",700,"+602 +98; +98 +602"
9112,18360,"2^3 * 17^1 * 67^1",136,"+134 +2; +2 +134"
9196,18620,"2^2 * 11^2 * 19^1",228,"+19 +209; +209 +19"
10388,21546,"2^2 * 7^2 * 53^1",770,"+28 +742; +742 +28"
10504,21420,"2^3 * 13^1 * 101^1",412,"+404 +8; +8 +404"
10712,21840,"2^3 * 13^1 * 103^1",416,"+4 +412; +412 +4"
10880,27540,"2^7 * 5^1 * 17^1",5780,"+340 +5440; +5440 +340"
13000,32760,"2^3 * 5^3 * 13^1",6760,"+260 +6500; +6500 +260"
13192,26460,"2^3 * 17^1 * 97^1",76,"+68 +8; +8 +68"
15028,30086,"2^2 * 13^1 * 17^2",30,"+13 +17; +17 +13; +26 +4; +4 +26"
17296,35712,"2^4 * 23^1 * 47^1",1120,"+368 +752; +752 +368"
19872,60480,"2^5 * 3^3 * 23^1",20736,"+19872 +864; +864 +19872"
21344,45360,"2^5 * 23^1 * 29^1",2672,"+2668 +4; +4 +2668"
22496,47880,"2^5 * 19^1 * 37^1",2888,"+2812 +76; +76 +2812"
24016,49600,"2^4 * 19^1 * 79^1",1568,"+1264 +304; +304 +1264"
24384,65024,"2^6 * 3^1 * 127^1",16256,"+12192 +4064; +4064 +12192"
24800,62496,"2^5 * 5^2 * 31^1",12896,"+12400 +496; +496 +12400"
25056,75600,"2^5 * 3^3 * 29^1",25488,"+25056 +432; +432 +25056"
26496,79560,"2^7 * 3^2 * 23^1",26568,"+26496 +72; +72 +26496"
26784,80640,"2^5 * 3^3 * 31^1",27072,"+26784 +288; +288 +26784"
30256,61504,"2^4 * 31^1 * 61^1",992,"+16 +976; +976 +16"
43216,87172,"2^4 * 37^1 * 73^1",740,"+148 +592; +592 +148"
45904,94240,"2^4 * 19^1 * 151^1",2432,"+16 +2416; +2416 +16"
47616,130944,"2^9 * 3^1 * 31^1",35712,"+11904 +23808; +23808 +11904"
49136,98952,"2^4 * 37^1 * 83^1",680,"+16 +664; +664 +16"
49600,125984,"2^6 * 5^2 * 31^1",26784,"+1984 +24800; +24800 +1984"
56896,130048,"2^6 * 7^1 * 127^1",16256,"+14224 +2032; +2032 +14224"
57392,118296,"2^4 * 17^1 * 211^1",3512,"+136 +3376; +3376 +136"
57424,115444,"2^4 * 37^1 * 97^1",596,"+4 +592; +592 +4"
58000,145080,"2^4 * 5^3 * 29^1",29080,"+29000 +80; +80 +29000"
58752,183600,"2^7 * 3^3 * 17^1",66096,"+58752 +7344; +7344 +58752"
60976,122512,"2^4 * 37^1 * 103^1",560,"+148 +412; +412 +148"
63632,127596,"2^4 * 41^1 * 97^1",332,"+328 +4; +4 +328"
72896,155448,"2^6 * 17^1 * 67^1",9656,"+544 +9112; +9112 +544"
73712,151776,"2^4 * 17^1 * 271^1",4352,"+16 +4336; +4336 +16"
74128,148428,"2^4 * 41^1 * 113^1",172,"+164 +8; +8 +164"
75344,155124,"2^4 * 17^1 * 277^1",4436,"+4 +4432; +4432 +4"
81216,243840,"2^6 * 3^3 * 47^1",81408,"+192 +81216; +81216 +192"
96496,193192,"2^4 * 37^1 * 163^1",200,"+163 +37; +37 +163"
96928,206388,"2^5 * 13^1 * 233^1",12532,"+12116 +416; +416 +12116"
99200,252960,"2^7 * 5^2 * 31^1",54560,"+4960 +49600; +49600 +4960"
108112,217620,"2^4 * 29^1 * 233^1",1396,"+464 +932; +932 +464"
114256,228532,"2^4 * 37^1 * 193^1",20,"+16 +4; +4 +16"
117760,294768,"2^10 * 5^1 * 23^1",59248,"+368 +58880; +58880 +368"
121824,365904,"2^5 * 3^4 * 47^1",122256,"+121824 +432; +432 +121824"
130816,302512,"2^8 * 7^1 * 73^1",40880,"+32704 +8176; +8176 +32704"
140192,298116,"2^5 * 13^1 * 337^1",17732,"+17524 +208; +208 +17524"
154496,330480,"2^7 * 17^1 * 71^1",21488,"+19312 +2176; +2176 +19312"
161824,343980,"2^5 * 13^1 * 389^1",20332,"+104 +20228; +20228 +104"
161936,325500,"2^4 * 29^1 * 349^1",1628,"+1396 +232; +232 +1396"
163072,407778,"2^8 * 7^2 * 13^1",81634,"+81536 +98; +98 +81536"
172864,357124,"2^6 * 37^1 * 73^1",11396,"+10804 +592; +592 +10804"
180128,382788,"2^5 * 13^1 * 433^1",22532,"+16 +22516; +22516 +16"
182624,388080,"2^5 * 13^1 * 439^1",22832,"+22828 +4; +4 +22828"
203904,612000,"2^7 * 3^3 * 59^1",204192,"+203904 +288; +288 +203904"
212048,425940,"2^4 * 29^1 * 457^1",1844,"+16 +1828; +1828 +16"
213904,429660,"2^4 * 29^1 * 461^1",1852,"+1844 +8; +8 +1844"
214832,431520,"2^4 * 29^1 * 463^1",1856,"+1852 +4; +4 +1852"
224128,477360,"2^7 * 17^1 * 103^1",29104,"+1088 +28016; +28016 +1088"
229408,462672,"2^5 * 67^1 * 107^1",3856,"+1712 +2144; +2144 +1712"
236384,476280,"2^5 * 83^1 * 89^1",3512,"+2848 +664; +664 +2848"
251968,520192,"2^6 * 31^1 * 127^1",16256,"+15748 +508; +508 +15748"
252800,632400,"2^7 * 5^2 * 79^1",126800,"+126400 +400; +400 +126400"
256736,517104,"2^5 * 71^1 * 113^1",3632,"+16 +3616; +3616 +16"
261088,529200,"2^5 * 41^1 * 199^1",7024,"+6368 +656; +656 +6368"
265600,664020,"2^7 * 5^2 * 83^1",132820,"+132800 +20; +20 +132800"
269824,589248,"2^9 * 17^1 * 31^1",49600,"+15872 +33728; +33728 +15872"
276352,587520,"2^7 * 17^1 * 127^1",34816,"+272 +34544; +34544 +272"
285056,605880,"2^7 * 17^1 * 131^1",35768,"+136 +35632; +35632 +136"
345056,698544,"2^5 * 41^1 * 263^1",8432,"+16 +8416; +8416 +16"
347936,698544,"2^5 * 83^1 * 131^1",2672,"+16 +2656; +2656 +16"
396896,796320,"2^5 * 79^1 * 157^1",2528,"+16 +2512; +2512 +16"
412128,1238328,"2^5 * 3^5 * 53^1",414072,"+1944 +412128; +412128 +1944"
418144,839160,"2^5 * 73^1 * 179^1",2872,"+2864 +8; +8 +2864"
428544,1309440,"2^9 * 3^3 * 31^1",452352,"+23808 +428544; +428544 +23808"
430272,1290828,"2^6 * 3^4 * 83^1",430284,"+12 +430272; +430272 +12"
449248,899640,"2^5 * 101^1 * 139^1",1144,"+1112 +32; +32 +1112"
456928,914760,"2^5 * 109^1 * 131^1",904,"+32 +872; +872 +32"
460288,982080,"2^9 * 29^1 * 31^1",61504,"+3968 +57536; +57536 +3968"
464224,929880,"2^5 * 89^1 * 163^1",1432,"+1424 +8; +8 +1424"
491536,984064,"2^4 * 31^1 * 991^1",992,"+1 +991; +991 +1"
561824,1123668,"2^5 * 97^1 * 181^1",20,"+16 +4; +4 +16"
618848,1238328,"2^5 * 83^1 * 233^1",632,"+166 +466; +466 +166"
638432,1279152,"2^5 * 71^1 * 281^1",2288,"+16 +2272; +2272 +16"
642976,1288224,"2^5 * 71^1 * 283^1",2272,"+2264 +8; +8 +2264"
691456,1436932,"2^8 * 37^1 * 73^1",54020,"+10804 +43216; +43216 +10804"
715712,1453896,"2^6 * 53^1 * 211^1",22472,"+106 +22366; +22366 +106"
815264,1631700,"2^5 * 73^1 * 349^1",1172,"+1168 +4; +4 +1168"
859744,1722168,"2^5 * 67^1 * 401^1",2680,"+2144 +536; +536 +2144"
956512,1914192,"2^5 * 71^1 * 421^1",1168,"+1136 +32; +32 +1136"
981504,2946240,"2^9 * 3^3 * 71^1",983232,"+1728 +981504; +981504 +1728"
1091696,2216376,"2^4 * 31^2 * 71^1",32984,"+15376 +17608; +17608 +15376"
1106944,2358144,"2^10 * 23^1 * 47^1",144256,"+138368 +5888; +5888 +138368"
1248256,2652912,"2^10 * 23^1 * 53^1",156400,"+156032 +368; +368 +156032"
1338592,2683800,"2^5 * 59^1 * 709^1",6616,"+5672 +944; +944 +5672"
1561376,3129840,"2^5 * 59^1 * 827^1",7088,"+472 +6616; +6616 +472"
1664064,4992624,"2^6 * 3^5 * 107^1",1664496,"+1664064 +432; +432 +1664064"
1769056,3545640,"2^5 * 59^1 * 937^1",7528,"+32 +7496; +7496 +32"
1776608,3560760,"2^5 * 59^1 * 941^1",7544,"+16 +7528; +7528 +16"
1907104,3820068,"2^5 * 61^1 * 977^1",5860,"+1952 +3908; +3908 +1952"
1940992,4124736,"2^9 * 17^1 * 223^1",242752,"+128 +242624; +242624 +128"
1991776,3984120,"2^5 * 67^1 * 929^1",568,"+32 +536; +536 +32"
2129728,4279392,"2^6 * 107^1 * 311^1",19936,"+19904 +32; +32 +19904"
2256832,4526280,"2^6 * 179^1 * 197^1",12616,"+12608 +8; +8 +12608"
2274784,4549608,"2^5 * 67^1 * 1061^1",40,"+32 +8; +8 +32"
2329024,4671568,"2^6 * 151^1 * 241^1",13520,"+3856 +9664; +9664 +3856"
2448128,4991448,"2^8 * 73^1 * 131^1",95192,"+18688 +76504; +76504 +18688"
2480704,4992624,"2^6 * 83^1 * 467^1",31216,"+1328 +29888; +29888 +1328"
2500544,5029200,"2^6 * 89^1 * 439^1",28112,"+16 +28096; +28096 +16"
2646208,5303520,"2^6 * 173^1 * 239^1",11104,"+11072 +32; +32 +11072"
2864000,7160400,"2^7 * 5^3 * 179^1",1432400,"+1432000 +400; +400 +1432000"
3145024,6300724,"2^6 * 157^1 * 313^1",10676,"+10048 +628; +628 +10048"
3190336,6421120,"2^6 * 79^1 * 631^1",40448,"+40384 +64; +64 +40384"
3335968,6679260,"2^5 * 61^1 * 1709^1",7324,"+488 +6836; +6836 +488"
3512896,7040880,"2^6 * 131^1 * 419^1",15088,"+6704 +8384; +8384 +6704"
3532096,7068820,"2^6 * 229^1 * 241^1",4628,"+3664 +964; +964 +3664"
3574112,7155792,"2^5 * 61^1 * 1831^1",7568,"+244 +7324; +7324 +244"
3804448,7616700,"2^5 * 61^1 * 1949^1",7804,"+7796 +8; +8 +7796"
3808352,7624512,"2^5 * 61^1 * 1951^1",7808,"+4 +7804; +7804 +4"
3845056,7743952,"2^6 * 73^1 * 823^1",53840,"+1168 +52672; +52672 +1168"
3875264,7760208,"2^6 * 151^1 * 401^1",9680,"+16 +9664; +9664 +16"
3903296,7863840,"2^6 * 71^1 * 859^1",57248,"+2272 +54976; +54976 +2272"
4110016,8229600,"2^6 * 149^1 * 431^1",9568,"+32 +9536; +9536 +32"
4149056,8298180,"2^6 * 241^1 * 269^1",68,"+4 +64; +64 +4"
4242176,8621592,"2^8 * 73^1 * 227^1",137240,"+132568 +4672; +4672 +132568"
4607296,9214612,"2^6 * 193^1 * 373^1",20,"+16 +4; +4 +16"
4661056,9395968,"2^6 * 67^1 * 1087^1",73856,"+4288 +69568; +69568 +4288"
4690688,9529128,"2^8 * 73^1 * 251^1",147752,"+1168 +146584; +146584 +1168"
4802816,9756012,"2^8 * 73^1 * 257^1",150380,"+150088 +292; +292 +150088"
5143808,10448928,"2^8 * 71^1 * 283^1",161312,"+160744 +568; +568 +160744"
5451584,10936224,"2^6 * 103^1 * 827^1",33056,"+26464 +6592; +6592 +26464"
5725504,11462004,"2^6 * 137^1 * 653^1",10996,"+10448 +548; +548 +10448"
6112576,12230100,"2^6 * 149^1 * 641^1",4948,"+2384 +2564; +2564 +2384"
6574144,13157200,"2^6 * 139^1 * 739^1",8912,"+16 +8896; +8896 +16"
6774464,13551408,"2^6 * 151^1 * 701^1",2480,"+2416 +64; +64 +2416"
7198528,14406372,"2^6 * 137^1 * 821^1",9316,"+548 +8768; +8768 +548"
7733696,15468600,"2^6 * 149^1 * 811^1",1208,"+1192 +16; +16 +1192"
7864576,16221184,"2^8 * 31^1 * 991^1",492032,"+491536 +496; +496 +491536"
8102656,16711744,"2^8 * 31^1 * 1021^1",506432,"+16 +506416; +506416 +16"
8841088,18788400,"2^7 * 17^2 * 239^1",1106224,"+1088 +1105136; +1105136 +1088"
9189184,18515584,"2^6 * 67^1 * 2143^1",137216,"+137152 +64; +64 +137152"
9363584,18800640,"2^7 * 191^1 * 383^1",73472,"+24448 +49024; +49024 +24448"
9365504,19901700,"2^11 * 17^1 * 269^1",1170692,"+1170688 +4; +4 +1170688"
11484736,22971760,"2^6 * 139^1 * 1291^1",2288,"+2224 +64; +64 +2224"
12914432,26232696,"2^8 * 61^1 * 827^1",403832,"+256 +403576; +403576 +256"
13171264,26353008,"2^6 * 131^1 * 1571^1",10480,"+2096 +8384; +8384 +2096"
14644208,30149856,"2^4 * 17^2 * 3167^1",861440,"+16 +861424; +861424 +16"
14879296,29759148,"2^6 * 137^1 * 1697^1",556,"+548 +8; +8 +548"
15022352,30105774,"2^4 * 31^2 * 977^1",61070,"+496 +60574; +60574 +496"
15237616,30536736,"2^4 * 31^2 * 991^1",61504,"+61442 +62; +62 +61442"
17488256,35030880,"2^7 * 317^1 * 431^1",54368,"+13792 +40576; +40576 +13792"
17497408,35003232,"2^6 * 131^1 * 2087^1",8416,"+32 +8384; +8384 +32"
19362752,38831520,"2^6 * 97^1 * 3119^1",106016,"+6208 +99808; +99808 +6208"
21901696,43843680,"2^7 * 397^1 * 431^1",40288,"+12704 +27584; +27584 +12704"
23473664,49889664,"2^9 * 19^2 * 127^1",2942336,"+2934208 +8128; +8128 +2934208"
24552832,49137480,"2^7 * 433^1 * 443^1",31816,"+28352 +3464; +3464 +28352"
25076608,50184000,"2^7 * 409^1 * 479^1",30784,"+128 +30656; +30656 +128"
25612672,51255000,"2^7 * 401^1 * 499^1",29656,"+25664 +3992; +3992 +25664"
25679744,51387600,"2^7 * 439^1 * 457^1",28112,"+16 +28096; +28096 +16"
26201536,52468272,"2^6 * 113^1 * 3623^1",65200,"+57968 +7232; +7232 +57968"
26603392,53250120,"2^7 * 307^1 * 677^1",43336,"+43328 +8; +8 +43328"
28508288,57066960,"2^7 * 283^1 * 787^1",50384,"+16 +50368; +50368 +16"
29825408,59670000,"2^7 * 389^1 * 599^1",19184,"+16 +19168; +19168 +16"
30677056,61356240,"2^6 * 131^1 * 3659^1",2128,"+2096 +32; +32 +2096"
32718208,65441160,"2^7 * 443^1 * 577^1",4744,"+128 +4616; +4616 +128"
33557632,67121100,"2^7 * 409^1 * 641^1",5836,"+2564 +3272; +3272 +2564"
34433408,68878560,"2^7 * 367^1 * 733^1",11744,"+11728 +16; +16 +11728"
36723584,73450200,"2^7 * 379^1 * 757^1",3032,"+3028 +4; +4 +3028"
37428032,75049380,"2^6 * 97^1 * 6029^1",193316,"+192928 +388; +388 +192928"
38619968,77439012,"2^6 * 97^1 * 6221^1",199076,"+199072 +4; +4 +199072"
39276992,78644496,"2^6 * 113^1 * 5431^1",90512,"+3616 +86896; +86896 +3616"
39411712,83749896,"2^13 * 17^1 * 283^1",4926472,"+4926464 +8; +8 +4926464"
42315904,84651840,"2^7 * 311^1 * 1063^1",20032,"+128 +19904; +19904 +128"
42414464,84925200,"2^7 * 229^1 * 1447^1",96272,"+3664 +92608; +92608 +3664"
45228416,90555600,"2^7 * 229^1 * 1543^1",98768,"+16 +98752; +98752 +16"
46947328,99828096,"2^10 * 19^2 * 127^1",5933440,"+5868416 +65024; +65024 +5868416"
49602944,99246000,"2^7 * 277^1 * 1399^1",40112,"+17728 +22384; +22384 +17728"
50718016,101548692,"2^6 * 113^1 * 7013^1",112660,"+112208 +452; +452 +112208"
50893952,101902080,"2^7 * 223^1 * 1783^1",114176,"+114112 +64; +64 +114112"
51831424,103672800,"2^7 * 307^1 * 1319^1",9952,"+128 +9824; +9824 +128"
52121024,104357424,"2^6 * 113^1 * 7207^1",115376,"+115312 +64; +64 +115312"
52337984,104791764,"2^6 * 113^1 * 7237^1",115796,"+115792 +4; +4 +115792"
54178688,108360720,"2^7 * 311^1 * 1361^1",3344,"+2722 +622; +622 +2722"
55893632,111816480,"2^7 * 283^1 * 1543^1",29216,"+24688 +4528; +4528 +24688"
58522496,117136800,"2^7 * 239^1 * 1913^1",91808,"+30592 +61216; +61216 +30592"
61019008,122051160,"2^7 * 293^1 * 1627^1",13144,"+128 +13016; +13016 +128"
70240000,175600040,"2^8 * 5^4 * 439^1",35120040,"+35120000 +40; +40 +35120000"
76693504,159378688,"2^14 * 31^1 * 151^1",5991680,"+1198336 +4793344; +4793344 +1198336"
80811904,161659800,"2^7 * 269^1 * 2347^1",35992,"+17216 +18776; +18776 +17216"
81281152,162792000,"2^7 * 199^1 * 3191^1",229696,"+204224 +25472; +25472 +204224"
96353792,193461576,"2^9 * 307^1 * 613^1",753992,"+1228 +752764; +752764 +1228"
99950464,199909800,"2^7 * 277^1 * 2819^1",8872,"+8 +8864; +8864 +8"
100651008,268402688,"2^12 * 3^1 * 8191^1",67100672,"+16775168 +50325504; +50325504 +16775168"
100917248,205508352,"2^13 * 97^1 * 127^1",3673856,"+3153664 +520192; +520192 +3153664"
102391424,204897600,"2^7 * 239^1 * 3347^1",114752,"+107104 +7648; +7648 +107104"
112360064,224721300,"2^7 * 277^1 * 3169^1",1172,"+1108 +64; +64 +1108"
116892032,233906400,"2^7 * 239^1 * 3821^1",122336,"+122272 +64; +64 +122272"
116953216,234028800,"2^7 * 239^1 * 3823^1",122368,"+122336 +32; +32 +122336"
117563392,239060736,"2^13 * 113^1 * 127^1",3933952,"+260096 +3673856; +3673856 +260096"
118032896,236988180,"2^9 * 269^1 * 857^1",922388,"+256 +922132; +922132 +256"
121832576,243984000,"2^7 * 199^1 * 4783^1",318848,"+12736 +306112; +306112 +12736"
121956608,244298880,"2^8 * 359^1 * 1327^1",385664,"+339712 +45952; +45952 +339712"
137139712,278566992,"2^9 * 61^1 * 4391^1",4287568,"+1952 +4285616; +4285616 +1952"
140950016,286304964,"2^9 * 61^1 * 4513^1",4404932,"+244 +4404688; +4404688 +244"
143462656,287132944,"2^8 * 691^1 * 811^1",207632,"+16 +207616; +207616 +16"
148081408,296543520,"2^8 * 389^1 * 1487^1",380704,"+32 +380672; +380672 +32"
150111488,300615168,"2^8 * 383^1 * 1531^1",392192,"+256 +391936; +391936 +256"
161976448,324360000,"2^7 * 199^1 * 6359^1",407104,"+128 +406976; +406976 +128"
162180224,324768000,"2^7 * 199^1 * 6367^1",407552,"+407488 +64; +64 +407488"
162333056,325074000,"2^7 * 199^1 * 6373^1",407888,"+16 +407872; +407872 +16"
166602496,333392752,"2^8 * 673^1 * 967^1",187760,"+15472 +172288; +172288 +15472"
184773312,554319948,"2^6 * 3^5 * 109^2",184773324,"+12 +184773312; +184773312 +12"
188490496,377175232,"2^8 * 607^1 * 1213^1",194240,"+155392 +38848; +38848 +155392"
197228704,394463034,"2^5 * 67^2 * 1373^1",5626,"+134 +5492; +5492 +134"
210321152,420826896,"2^8 * 601^1 * 1367^1",184592,"+174976 +9616; +9616 +174976"
232774912,465621156,"2^8 * 857^1 * 1061^1",71332,"+3428 +67904; +67904 +3428"
234111232,468288576,"2^8 * 887^1 * 1031^1",66112,"+128 +65984; +65984 +128"
234404608,468877248,"2^8 * 863^1 * 1061^1",68032,"+128 +67904; +67904 +128"
234852352,536805376,"2^12 * 7^1 * 8191^1",67100672,"+58713088 +8387584; +8387584 +58713088"
237647104,475352640,"2^8 * 911^1 * 1019^1",58432,"+128 +58304; +58304 +128"
242358016,484771392,"2^8 * 863^1 * 1097^1",55360,"+128 +55232; +55232 +128"
258949888,517994568,"2^8 * 683^1 * 1481^1",94792,"+8 +94784; +94784 +8"
264011008,528169600,"2^8 * 607^1 * 1699^1",147584,"+108736 +38848; +38848 +108736"
265036672,530077680,"2^7 * 263^1 * 7873^1",4336,"+128 +4208; +4208 +128"
266657024,533318436,"2^8 * 953^1 * 1093^1",4388,"+16 +4372; +4372 +16"
270420736,540899632,"2^8 * 727^1 * 1453^1",58160,"+11632 +46528; +46528 +11632"
271896832,543793936,"2^8 * 907^1 * 1171^1",272,"+16 +256; +256 +16"
274505984,549059280,"2^8 * 739^1 * 1451^1",47312,"+16 +47296; +47296 +16"
276103424,552217260,"2^8 * 829^1 * 1301^1",10412,"+10408 +4; +4 +10408"
278981888,558012000,"2^8 * 727^1 * 1499^1",48224,"+256 +47968; +47968 +256"
287335168,574797328,"2^8 * 613^1 * 1831^1",126992,"+117184 +9808; +9808 +117184"
299181824,599464320,"2^8 * 281^1 * 4159^1",1100672,"+1064704 +35968; +35968 +1064704"
301712128,603495088,"2^8 * 661^1 * 1783^1",70832,"+28528 +42304; +42304 +28528"
304994048,610011360,"2^8 * 719^1 * 1657^1",23264,"+23008 +256; +256 +23008"
309294848,618718800,"2^8 * 599^1 * 2017^1",129104,"+129088 +16; +16 +129088"
316797568,633958560,"2^7 * 227^1 * 10903^1",363424,"+14528 +348896; +348896 +14528"
320298752,640597776,"2^8 * 727^1 * 1721^1",272,"+16 +256; +256 +16"
323136512,648833496,"2^10 * 281^1 * 1123^1",2560472,"+2524504 +35968; +35968 +2524504"
330431744,661011204,"2^8 * 577^1 * 2237^1",147716,"+147712 +4; +4 +147712"
332333824,664667920,"2^8 * 709^1 * 1831^1",272,"+16 +256; +256 +16"
347609344,700650496,"2^8 * 103^1 * 13183^1",5431808,"+412 +5431396; +5431396 +412"
351198464,702776256,"2^8 * 463^1 * 2963^1",379328,"+379264 +64; +64 +379264"
362159872,724360896,"2^8 * 641^1 * 2207^1",41152,"+128 +41024; +41024 +128"
362291456,724600044,"2^8 * 661^1 * 2141^1",17132,"+17128 +4; +4 +17128"
369455872,739077696,"2^8 * 557^1 * 2591^1",165952,"+128 +165824; +165824 +128"
387110272,774333000,"2^7 * 251^1 * 12049^1",112456,"+16064 +96392; +96392 +16064"
395946112,792331920,"2^7 * 227^1 * 13627^1",439696,"+3632 +436064; +436064 +3632"
409137536,818727480,"2^7 * 227^1 * 14081^1",452408,"+1816 +450592; +450592 +1816"
421399168,843262560,"2^7 * 227^1 * 14503^1",464224,"+128 +464096; +464096 +128"
421864064,844192800,"2^7 * 227^1 * 14519^1",464672,"+464608 +64; +64 +464608"
422270848,845006760,"2^7 * 227^1 * 14533^1",465064,"+465056 +8; +8 +465056"
432448256,864918600,"2^8 * 619^1 * 2729^1",22088,"+21832 +256; +256 +21832"
434370304,868740880,"2^8 * 631^1 * 2689^1",272,"+16 +256; +256 +16"
451623296,903367080,"2^7 * 251^1 * 14057^1",120488,"+112456 +8032; +8032 +112456"
470017792,940403520,"2^8 * 479^1 * 3833^1",367936,"+122624 +245312; +245312 +122624"
483879808,967884120,"2^7 * 251^1 * 15061^1",124504,"+120488 +4016; +4016 +120488"
490312448,984455808,"2^8 * 173^1 * 11071^1",3830912,"+346 +3830566; +3830566 +346"
515108224,1030344840,"2^7 * 251^1 * 16033^1",128392,"+128 +128264; +128264 +128"
515879296,1031887080,"2^7 * 251^1 * 16057^1",128488,"+128456 +32; +32 +128456"
516007808,1032144120,"2^7 * 251^1 * 16061^1",128504,"+128488 +16; +16 +128488"
516072064,1032272640,"2^7 * 251^1 * 16063^1",128512,"+128504 +8; +8 +128504"
527465728,1056895168,"2^8 * 271^1 * 7603^1",1963712,"+17344 +1946368; +1946368 +17344"
534767488,1070926560,"2^7 * 193^1 * 21647^1",1391584,"+1385408 +6176; +6176 +1385408"
536829824,1073692800,"2^7 * 257^1 * 16319^1",33152,"+32638 +514; +514 +32638"
539981056,1079973972,"2^8 * 593^1 * 3557^1",11860,"+2372 +9488; +9488 +2372"
541040512,1082113920,"2^7 * 257^1 * 16447^1",32896,"+2 +32894; +32894 +2"
549767936,1099602504,"2^8 * 571^1 * 3761^1",66632,"+30088 +36544; +36544 +30088"
553036544,1106077896,"2^8 * 593^1 * 3643^1",4808,"+4744 +64; +64 +4744"
568719616,1139668992,"2^8 * 263^1 * 8447^1",2229760,"+2162432 +67328; +67328 +2162432"
599272192,1198691536,"2^8 * 541^1 * 4327^1",147152,"+138496 +8656; +8656 +138496"
609472384,1220523840,"2^7 * 193^1 * 24671^1",1579072,"+128 +1578944; +1578944 +128"
611004032,1223590980,"2^7 * 193^1 * 24733^1",1582916,"+1582912 +4; +4 +1582912"
618107648,1236358368,"2^8 * 541^1 * 4463^1",143072,"+142816 +256; +256 +142816"
667585792,1335189856,"2^8 * 571^1 * 4567^1",18272,"+18268 +4; +4 +18268"
704965376,1410360000,"2^8 * 479^1 * 5749^1",429248,"+367936 +61312; +61312 +367936"
713915264,1428216240,"2^7 * 241^1 * 23143^1",385712,"+15424 +370288; +370288 +15424"
717849856,1436065344,"2^8 * 491^1 * 5711^1",365632,"+128 +365504; +365504 +128"
813839872,1628681472,"2^9 * 1151^1 * 1381^1",1001728,"+294656 +707072; +707072 +294656"
878411008,1757414848,"2^8 * 463^1 * 7411^1",592832,"+118528 +474304; +474304 +118528"
892340096,1785146880,"2^7 * 241^1 * 28927^1",466688,"+3856 +462832; +462832 +3856"
919030016,1838103792,"2^8 * 547^1 * 6563^1",43760,"+35008 +8752; +8752 +35008"
945792896,1891594080,"2^7 * 257^1 * 28751^1",8288,"+64 +8224; +8224 +64"
951321472,1903136400,"2^7 * 241^1 * 30839^1",493456,"+32 +493424; +493424 +32"
951691648,1903876920,"2^7 * 241^1 * 30851^1",493624,"+493616 +8; +8 +493616"
951753344,1904000340,"2^7 * 241^1 * 30853^1",493652,"+4 +493648; +493648 +4"
993693952,1991183040,"2^8 * 263^1 * 14759^1",3795136,"+16832 +3778304; +3778304 +16832"